<?xml version = '1.0' encoding = 'UTF-8'?>
<Diagram class="oracle.dbtools.crest.swingui.logical.DPVLogical" name="Logical" id="56B30F95-B393-2C01-09EC-ACA76EE6EC48">
<createdBy>Alumno</createdBy>
<modifiedBy>Alumno</modifiedBy>
<createdTime>2024-03-05 13:03:10 UTC</createdTime>
<autoRoute>false</autoRoute>
<boxInbox>true</boxInbox>
<showLegend>false</showLegend>
<showLabels>false</showLabels>
<showRelAttributes>false</showRelAttributes>
<gridEnabled>false</gridEnabled>
<showGrid>false</showGrid>
<diagramColor>-1</diagramColor>
<display>false</display>
<notation>1</notation>
<objectViews>
<OView class="oracle.dbtools.crest.swingui.logical.TVEntity" oid="00D2EAE5-DDA6-FD32-E5D8-EADC562C0CE5" otype="Entity" vid="671BEDD4-C658-1885-BF28-96D39869A25D">
<hideElementsInCurrentOnly>false</hideElementsInCurrentOnly>
<bounds x="216" y="505" width="208" height="109"/>
</OView>
<OView class="oracle.dbtools.crest.swingui.logical.TVEntity" oid="3B33FC06-2A51-FAA9-F996-3B145A7C15A9" otype="Entity" vid="4B72CAFB-BB6C-7D46-092B-7A21A80B151F">
<hideElementsInCurrentOnly>false</hideElementsInCurrentOnly>
<bounds x="224" y="231" width="207" height="157"/>
</OView>
<OView class="oracle.dbtools.crest.swingui.logical.TVEntity" oid="4A549E41-0DCD-501E-1236-5401FA9C4A6A" otype="Entity" vid="6386E63B-B8EF-4DBE-B390-F362ED82ACF4">
<hideElementsInCurrentOnly>false</hideElementsInCurrentOnly>
<bounds x="804" y="287" width="133" height="77"/>
</OView>
<OView class="oracle.dbtools.crest.swingui.logical.TVEntity" oid="54E2316B-19B9-E55C-5FE2-221CA5425D38" otype="Entity" vid="14653657-7C79-3ECF-CD8E-ECA309F48B3A">
<hideElementsInCurrentOnly>false</hideElementsInCurrentOnly>
<bounds x="982" y="446" width="210" height="128"/>
</OView>
<OView class="oracle.dbtools.crest.swingui.logical.TVEntity" oid="56842913-9289-5B02-D318-03727EA68CDA" otype="Entity" vid="9CBE7A9E-E342-DC7F-B251-2A0D1490B401">
<hideElementsInCurrentOnly>false</hideElementsInCurrentOnly>
<bounds x="216" y="455" width="211" height="133"/>
</OView>
<OView class="oracle.dbtools.crest.swingui.logical.TVEntity" oid="6AAF6273-EB1A-6493-1151-3A683B4BE92C" otype="Entity" vid="E4654A1D-4EA4-845A-DB64-72DCDF3AD49E">
<hideElementsInCurrentOnly>false</hideElementsInCurrentOnly>
<bounds x="982" y="492" width="210" height="83"/>
</OView>
<OView class="oracle.dbtools.crest.swingui.logical.TVEntity" oid="8D1452EC-BDFB-0DE4-E215-8DFF4D811C11" otype="Entity" vid="E6899CF6-52EE-F3BB-8C05-6A689F8173DA">
<hideElementsInCurrentOnly>false</hideElementsInCurrentOnly>
<bounds x="224" y="38" width="203" height="170"/>
</OView>
<OView class="oracle.dbtools.crest.swingui.logical.TVEntity" oid="BDED7D65-E308-8A05-E324-80D9E5AF8887" otype="Entity" vid="5B5E433A-B05D-725B-2D32-A0CC8FEFBCB3">
<hideElementsInCurrentOnly>false</hideElementsInCurrentOnly>
<bounds x="790" y="432" width="150" height="142"/>
</OView>
<OView class="oracle.dbtools.crest.swingui.logical.TVEntity" oid="D929131D-D49D-B454-FE87-AC8DB220B76C" otype="Entity" vid="B8A9D4DC-2B1A-3957-1571-79CDE5435A31">
<hideElementsInCurrentOnly>false</hideElementsInCurrentOnly>
<bounds x="224" y="296" width="207" height="91"/>
</OView>
<OView class="oracle.dbtools.crest.swingui.logical.TVEntity" oid="F95BC2FE-64C9-2E3B-A16B-430658DFF946" otype="Entity" vid="4BDD4F38-2308-62B8-9001-EEA5720FE02D">
<hideElementsInCurrentOnly>false</hideElementsInCurrentOnly>
<bounds x="224" y="128" width="202" height="81"/>
</OView>
</objectViews>
<connectors>
<Connector class="oracle.dbtools.crest.swingui.logical.TVRelation" oid="69B7F731-3CB6-E68D-EA55-1DE08BA34E19" otype="Relation" vid_source="4B72CAFB-BB6C-7D46-092B-7A21A80B151F" vid_target="6386E63B-B8EF-4DBE-B390-F362ED82ACF4">
<hideElementsInCurrentOnly>false</hideElementsInCurrentOnly>
<backgroundColor>-16777216</backgroundColor>
<lineWidth>1</lineWidth>
<points>
<point x="431" y="325"/>
<point x="804" y="325"/>
</points>
</Connector>
<Connector class="oracle.dbtools.crest.swingui.logical.TVRelation" oid="94C40B8A-AEFF-33F5-5EF2-1BF3C6782E09" otype="Relation" vid_source="5B5E433A-B05D-725B-2D32-A0CC8FEFBCB3" vid_target="14653657-7C79-3ECF-CD8E-ECA309F48B3A">
<hideElementsInCurrentOnly>false</hideElementsInCurrentOnly>
<backgroundColor>-16777216</backgroundColor>
<lineWidth>1</lineWidth>
<points>
<point x="940" y="510"/>
<point x="982" y="510"/>
</points>
</Connector>
<Connector class="oracle.dbtools.crest.swingui.logical.TVRelation" oid="A941620D-9235-7942-9F48-46ECD6AF2A0D" otype="Relation" vid_source="6386E63B-B8EF-4DBE-B390-F362ED82ACF4" vid_target="5B5E433A-B05D-725B-2D32-A0CC8FEFBCB3">
<hideElementsInCurrentOnly>false</hideElementsInCurrentOnly>
<backgroundColor>-16777216</backgroundColor>
<lineWidth>1</lineWidth>
<points>
<point x="870" y="364"/>
<point x="870" y="432"/>
</points>
</Connector>
<Connector class="oracle.dbtools.crest.swingui.logical.TVRelation" oid="D382A824-05ED-0FB6-8707-8609AA2586F0" otype="Relation" vid_source="E6899CF6-52EE-F3BB-8C05-6A689F8173DA" vid_target="4B72CAFB-BB6C-7D46-092B-7A21A80B151F">
<hideElementsInCurrentOnly>false</hideElementsInCurrentOnly>
<backgroundColor>-16777216</backgroundColor>
<lineWidth>1</lineWidth>
<points>
<point x="325" y="208"/>
<point x="325" y="231"/>
</points>
</Connector>
<Connector class="oracle.dbtools.crest.swingui.logical.TVRelation" oid="DCFE39F6-B0C8-1180-0999-3B52A688DE90" otype="Relation" vid_source="9CBE7A9E-E342-DC7F-B251-2A0D1490B401" vid_target="5B5E433A-B05D-725B-2D32-A0CC8FEFBCB3">
<hideElementsInCurrentOnly>false</hideElementsInCurrentOnly>
<backgroundColor>-16777216</backgroundColor>
<lineWidth>1</lineWidth>
<points>
<point x="427" y="514"/>
<point x="790" y="514"/>
</points>
</Connector>
<Connector class="oracle.dbtools.crest.swingui.logical.TVRelation" oid="F950B662-650D-D193-CFD3-701F3CE6072B" otype="Relation" vid_source="4B72CAFB-BB6C-7D46-092B-7A21A80B151F" vid_target="9CBE7A9E-E342-DC7F-B251-2A0D1490B401">
<hideElementsInCurrentOnly>false</hideElementsInCurrentOnly>
<backgroundColor>-16777216</backgroundColor>
<lineWidth>1</lineWidth>
<points>
<point x="325" y="388"/>
<point x="325" y="455"/>
</points>
</Connector>
</connectors>
</Diagram>