<?xml version = '1.0' encoding = 'UTF-8'?>
<Relation class="oracle.dbtools.crest.model.design.logical.Relation" name="Relation_7" directorySegmentName="seg_0" id="69B7F731-3CB6-E68D-EA55-1DE08BA34E19">
<createdBy>Alumno</createdBy>
<createdTime>2024-03-05 15:13:15 UTC</createdTime>
<ownerDesignName>tarea 4- Jarama Ayllon</ownerDesignName>
<engineerTo>
<item key="557A888F-EF4B-176D-A31A-AED2D3C259E1" value="true"/>
</engineerTo>
<sourcePk>D42EC9E9-28AD-B7BF-7756-5D5CED960BA8</sourcePk>
<identifying>false</identifying>
<optionalSource>true</optionalSource>
<optionalTarget>false</optionalTarget>
<sourceCardinality>1</sourceCardinality>
<sourceEntity>3B33FC06-2A51-FAA9-F996-3B145A7C15A9</sourceEntity>
<targetCardinalityString>*</targetCardinalityString>
<targetEntity>4A549E41-0DCD-501E-1236-5401FA9C4A6A</targetEntity>
<transferable>true</transferable>
<deleteRule>NO ACTION</deleteRule>
</Relation>