<?xml version = '1.0' encoding = 'UTF-8'?>
<Relation class="oracle.dbtools.crest.model.design.logical.Relation" name="Relation_5" directorySegmentName="seg_0" id="94C40B8A-AEFF-33F5-5EF2-1BF3C6782E09">
<createdBy>Alumno</createdBy>
<createdTime>2024-03-05 14:45:31 UTC</createdTime>
<ownerDesignName>tarea 4- Jarama Ayllon</ownerDesignName>
<engineerTo>
<item key="557A888F-EF4B-176D-A31A-AED2D3C259E1" value="true"/>
</engineerTo>
<sourcePk>ACBB33AC-B225-1289-26C8-472CA58128CB</sourcePk>
<identifying>false</identifying>
<optionalSource>true</optionalSource>
<optionalTarget>false</optionalTarget>
<sourceCardinality>1</sourceCardinality>
<sourceEntity>BDED7D65-E308-8A05-E324-80D9E5AF8887</sourceEntity>
<targetCardinalityString>1</targetCardinalityString>
<targetEntity>54E2316B-19B9-E55C-5FE2-221CA5425D38</targetEntity>
<transferable>true</transferable>
<deleteRule>NO ACTION</deleteRule>
</Relation>