<?xml version = '1.0' encoding = 'UTF-8'?>
<Relation class="oracle.dbtools.crest.model.design.logical.Relation" name="Relation_4" directorySegmentName="seg_0" id="A941620D-9235-7942-9F48-46ECD6AF2A0D">
<createdBy>Alumno</createdBy>
<createdTime>2024-03-05 14:21:06 UTC</createdTime>
<ownerDesignName>tarea 4- Jarama Ayllon</ownerDesignName>
<engineerTo>
<item key="557A888F-EF4B-176D-A31A-AED2D3C259E1" value="true"/>
</engineerTo>
<sourcePk>3BA98DC4-EB3D-CFB4-7C28-575C0A27C5AC</sourcePk>
<identifying>false</identifying>
<optionalSource>true</optionalSource>
<optionalTarget>false</optionalTarget>
<sourceCardinality>1</sourceCardinality>
<sourceEntity>4A549E41-0DCD-501E-1236-5401FA9C4A6A</sourceEntity>
<targetCardinalityString>1</targetCardinalityString>
<targetEntity>BDED7D65-E308-8A05-E324-80D9E5AF8887</targetEntity>
<transferable>true</transferable>
<deleteRule>NO ACTION</deleteRule>
</Relation>