<?xml version = '1.0' encoding = 'UTF-8'?>
<Relation class="oracle.dbtools.crest.model.design.logical.Relation" name="usuario-cuenta" directorySegmentName="seg_0" id="D382A824-05ED-0FB6-8707-8609AA2586F0">
<createdBy>Alumno</createdBy>
<createdTime>2024-03-05 13:50:54 UTC</createdTime>
<ownerDesignName>tarea 4- Jarama Ayllon</ownerDesignName>
<engineerTo>
<item key="557A888F-EF4B-176D-A31A-AED2D3C259E1" value="true"/>
</engineerTo>
<sourcePk>192ABA34-B70B-7D47-2F0B-8DC85919C9E0</sourcePk>
<identifying>false</identifying>
<nameOnSource>puede tener una</nameOnSource>
<nameOnTarget>debe ser creada por un</nameOnTarget>
<optionalSource>true</optionalSource>
<optionalTarget>false</optionalTarget>
<sourceCardinality>1</sourceCardinality>
<sourceEntity>8D1452EC-BDFB-0DE4-E215-8DFF4D811C11</sourceEntity>
<targetCardinalityString>1</targetCardinalityString>
<targetEntity>3B33FC06-2A51-FAA9-F996-3B145A7C15A9</targetEntity>
<transferable>true</transferable>
<deleteRule>NO ACTION</deleteRule>
</Relation>