<?xml version = '1.0' encoding = 'UTF-8'?>
<Relation class="oracle.dbtools.crest.model.design.logical.Relation" name="Relation_3" directorySegmentName="seg_0" id="DCFE39F6-B0C8-1180-0999-3B52A688DE90">
<createdBy>Alumno</createdBy>
<createdTime>2024-03-05 14:20:52 UTC</createdTime>
<ownerDesignName>tarea 4- Jarama Ayllon</ownerDesignName>
<engineerTo>
<item key="557A888F-EF4B-176D-A31A-AED2D3C259E1" value="true"/>
</engineerTo>
<sourcePk>A2728067-5EAC-5C24-10CE-D8794408A078</sourcePk>
<identifying>false</identifying>
<optionalSource>true</optionalSource>
<optionalTarget>false</optionalTarget>
<sourceCardinality>1</sourceCardinality>
<sourceEntity>56842913-9289-5B02-D318-03727EA68CDA</sourceEntity>
<targetCardinalityString>*</targetCardinalityString>
<targetEntity>BDED7D65-E308-8A05-E324-80D9E5AF8887</targetEntity>
<transferable>true</transferable>
<deleteRule>NO ACTION</deleteRule>
</Relation>