<?xml version = '1.0' encoding = 'UTF-8'?>
<Relation class="oracle.dbtools.crest.model.design.logical.Relation" name="cuenta-bloque_servicios" directorySegmentName="seg_0" id="F950B662-650D-D193-CFD3-701F3CE6072B">
<createdBy>Alumno</createdBy>
<createdTime>2024-03-05 13:53:49 UTC</createdTime>
<ownerDesignName>tarea 4- Jarama Ayllon</ownerDesignName>
<engineerTo>
<item key="557A888F-EF4B-176D-A31A-AED2D3C259E1" value="true"/>
</engineerTo>
<sourcePk>D42EC9E9-28AD-B7BF-7756-5D5CED960BA8</sourcePk>
<identifying>false</identifying>
<nameOnSource>puede tener un</nameOnSource>
<nameOnTarget>debe de ser vinculado a una</nameOnTarget>
<optionalSource>true</optionalSource>
<optionalTarget>false</optionalTarget>
<sourceCardinality>1</sourceCardinality>
<sourceEntity>3B33FC06-2A51-FAA9-F996-3B145A7C15A9</sourceEntity>
<targetCardinalityString>1</targetCardinalityString>
<targetEntity>56842913-9289-5B02-D318-03727EA68CDA</targetEntity>
<transferable>true</transferable>
<deleteRule>NO ACTION</deleteRule>
</Relation>