<?xml version = '1.0' encoding = 'UTF-8'?>
<relationalModel class="oracle.dbtools.crest.model.design.relational.RelationalDesign" name="Relational_1" id="557A888F-EF4B-176D-A31A-AED2D3C259E1" mainViewID="4E93DBDD-3451-7F59-8AC2-A5E2613D1A19">
<createdBy>Alumno</createdBy>
<createdTime>2024-03-05 13:03:05 UTC</createdTime>
<ownerDesignName>tarea 4- Jarama Ayllon</ownerDesignName>
<shouldBeOpen>false</shouldBeOpen>
<selectedRDBMSSite>32076570-2523-435C-2E92-BF29817DFF70</selectedRDBMSSite>
</relationalModel>