<?xml version = '1.0' encoding = 'UTF-8'?>
<Entity class="oracle.dbtools.crest.model.design.logical.Entity" directorySegmentName="seg_0" id="56842913-9289-5B02-D318-03727EA68CDA" name="bloque_servicios">
<createdBy>Alumno</createdBy>
<createdTime>2024-03-05 13:45:54 UTC</createdTime>
<ownerDesignName>tarea 4- Jarama Ayllon</ownerDesignName>
<engineerTo>
<item key="557A888F-EF4B-176D-A31A-AED2D3C259E1" value="true"/>
</engineerTo>
<adequatelyNormalized>NO</adequatelyNormalized>
<expectedVolumes>0</expectedVolumes>
<fwdEngineeringStrategyName>Single Table</fwdEngineeringStrategyName>
<growthPercent>0</growthPercent>
<growthType>Year</growthType>
<maxVolumes>9999999</maxVolumes>
<minVolumes>0</minVolumes>
<normalForm>Third</normalForm>
<attributes itemClass="oracle.dbtools.crest.model.design.logical.Attribute">
<Attribute name="id_servicios" id="CE8457EE-519C-4CA1-AEF0-9B3AD4A784C2">
<createdBy>Alumno</createdBy>
<createdTime>2024-03-05 13:46:10 UTC</createdTime>
<ownerDesignName>tarea 4- Jarama Ayllon</ownerDesignName>
<engineerTo>
<item key="557A888F-EF4B-176D-A31A-AED2D3C259E1" value="true"/>
</engineerTo>
<useDomainConstraints>false</useDomainConstraints>
<use>1</use>
<logicalDatatype>LOGDT011</logicalDatatype>
<ownDataTypeParameters>,,</ownDataTypeParameters>
</Attribute>
<Attribute name="cantidad_servicios" id="8D1B71FE-7A36-E9DC-C2DD-5F61853AE9AD">
<createdBy>Alumno</createdBy>
<createdTime>2024-03-05 13:46:15 UTC</createdTime>
<ownerDesignName>tarea 4- Jarama Ayllon</ownerDesignName>
<engineerTo>
<item key="557A888F-EF4B-176D-A31A-AED2D3C259E1" value="true"/>
</engineerTo>
<nullsAllowed>true</nullsAllowed>
<useDomainConstraints>false</useDomainConstraints>
<use>1</use>
<logicalDatatype>LOGDT011</logicalDatatype>
<ownDataTypeParameters>,,</ownDataTypeParameters>
</Attribute>
<Attribute name="id_cuenta" id="1BBADC7A-B888-6F0D-1C4C-350310C4DB0D">
<createdBy>Alumno</createdBy>
<createdTime>2024-03-05 13:53:49 UTC</createdTime>
<generatorID>F950B662-650D-D193-CFD3-701F3CE6072B</generatorID>
<ownerDesignName>tarea 4- Jarama Ayllon</ownerDesignName>
<engineerTo>
<item key="557A888F-EF4B-176D-A31A-AED2D3C259E1" value="true"/>
</engineerTo>
<referedAttribute>EA973D07-0222-2DA0-845C-0D43EE1CC673</referedAttribute>
<useDomainConstraints>false</useDomainConstraints>
<use>1</use>
<logicalDatatype>LOGDT011</logicalDatatype>
<ownDataTypeParameters>,,</ownDataTypeParameters>
</Attribute>
</attributes>
<identifiers itemClass="oracle.dbtools.crest.model.design.logical.CandidateKey">
<identifier id="A2728067-5EAC-5C24-10CE-D8794408A078" name="bloque_servicios PK">
<createdBy>Alumno</createdBy>
<createdTime>2024-03-05 13:49:02 UTC</createdTime>
<ownerDesignName>tarea 4- Jarama Ayllon</ownerDesignName>
<engineerTo>
<item key="557A888F-EF4B-176D-A31A-AED2D3C259E1" value="true"/>
</engineerTo>
<pk>true</pk>
<usedAttributes>
<attributeRef>CE8457EE-519C-4CA1-AEF0-9B3AD4A784C2</attributeRef>
</usedAttributes>
</identifier>
</identifiers>
</Entity>