<?xml version = '1.0' encoding = 'UTF-8'?>
<Entity class="oracle.dbtools.crest.model.design.logical.Entity" directorySegmentName="seg_0" id="6AAF6273-EB1A-6493-1151-3A683B4BE92C" name="metodos_api_sunat">
<createdBy>Alumno</createdBy>
<createdTime>2024-03-05 14:38:23 UTC</createdTime>
<ownerDesignName>tarea 4- Jarama Ayllon</ownerDesignName>
<engineerTo>
<item key="557A888F-EF4B-176D-A31A-AED2D3C259E1" value="true"/>
</engineerTo>
<adequatelyNormalized>NO</adequatelyNormalized>
<expectedVolumes>0</expectedVolumes>
<fwdEngineeringStrategyName>Single Table</fwdEngineeringStrategyName>
<growthPercent>0</growthPercent>
<growthType>Year</growthType>
<maxVolumes>9999999</maxVolumes>
<minVolumes>0</minVolumes>
<normalForm>Third</normalForm>
<attributes itemClass="oracle.dbtools.crest.model.design.logical.Attribute">
<Attribute name="validar_ruc" id="71E19747-415F-6914-F0C1-76A7334CF14B">
<createdBy>Alumno</createdBy>
<createdTime>2024-03-05 14:38:31 UTC</createdTime>
<ownerDesignName>tarea 4- Jarama Ayllon</ownerDesignName>
<engineerTo>
<item key="557A888F-EF4B-176D-A31A-AED2D3C259E1" value="true"/>
</engineerTo>
<nullsAllowed>true</nullsAllowed>
<use>0</use>
<ownDataTypeParameters>,,</ownDataTypeParameters>
</Attribute>
</attributes>
</Entity>