<?xml version = '1.0' encoding = 'UTF-8'?>
<Entity class="oracle.dbtools.crest.model.design.logical.Entity" directorySegmentName="seg_0" id="BDED7D65-E308-8A05-E324-80D9E5AF8887" name="servicio">
<createdBy>Alumno</createdBy>
<createdTime>2024-03-05 13:31:47 UTC</createdTime>
<ownerDesignName>tarea 4- Jarama Ayllon</ownerDesignName>
<engineerTo>
<item key="557A888F-EF4B-176D-A31A-AED2D3C259E1" value="true"/>
</engineerTo>
<adequatelyNormalized>NO</adequatelyNormalized>
<expectedVolumes>0</expectedVolumes>
<fwdEngineeringStrategyName>Single Table</fwdEngineeringStrategyName>
<growthPercent>0</growthPercent>
<growthType>Year</growthType>
<maxVolumes>9999999</maxVolumes>
<minVolumes>0</minVolumes>
<normalForm>Third</normalForm>
<attributes itemClass="oracle.dbtools.crest.model.design.logical.Attribute">
<Attribute name="id_servicio" id="AC71EF41-00F1-2896-36C8-62B335B013A5">
<createdBy>Alumno</createdBy>
<createdTime>2024-03-05 13:31:52 UTC</createdTime>
<ownerDesignName>tarea 4- Jarama Ayllon</ownerDesignName>
<engineerTo>
<item key="557A888F-EF4B-176D-A31A-AED2D3C259E1" value="true"/>
</engineerTo>
<useDomainConstraints>false</useDomainConstraints>
<use>1</use>
<logicalDatatype>LOGDT011</logicalDatatype>
<ownDataTypeParameters>,,</ownDataTypeParameters>
</Attribute>
<Attribute name="nombre" id="C7C76C1A-A532-352A-0104-A19A16A9633F">
<createdBy>Alumno</createdBy>
<createdTime>2024-03-05 13:31:57 UTC</createdTime>
<ownerDesignName>tarea 4- Jarama Ayllon</ownerDesignName>
<engineerTo>
<item key="557A888F-EF4B-176D-A31A-AED2D3C259E1" value="true"/>
</engineerTo>
<nullsAllowed>true</nullsAllowed>
<useDomainConstraints>false</useDomainConstraints>
<use>1</use>
<logicalDatatype>LOGDT024</logicalDatatype>
<dataTypeSize>100</dataTypeSize>
<ownDataTypeParameters>100,,</ownDataTypeParameters>
</Attribute>
<Attribute name="categoria" id="3E73A180-BDB2-A955-62CE-952C7230DAE4">
<createdBy>Alumno</createdBy>
<createdTime>2024-03-05 13:32:20 UTC</createdTime>
<ownerDesignName>tarea 4- Jarama Ayllon</ownerDesignName>
<engineerTo>
<item key="557A888F-EF4B-176D-A31A-AED2D3C259E1" value="true"/>
</engineerTo>
<nullsAllowed>true</nullsAllowed>
<useDomainConstraints>false</useDomainConstraints>
<use>1</use>
<logicalDatatype>LOGDT024</logicalDatatype>
<ownDataTypeParameters>,,</ownDataTypeParameters>
</Attribute>
<Attribute name="monto" id="D40D2D99-CE08-5D5E-ECEA-295C0F4DB863">
<createdBy>Alumno</createdBy>
<createdTime>2024-03-05 13:32:17 UTC</createdTime>
<ownerDesignName>tarea 4- Jarama Ayllon</ownerDesignName>
<engineerTo>
<item key="557A888F-EF4B-176D-A31A-AED2D3C259E1" value="true"/>
</engineerTo>
<nullsAllowed>true</nullsAllowed>
<useDomainConstraints>false</useDomainConstraints>
<use>1</use>
<logicalDatatype>LOGDT043</logicalDatatype>
<ownDataTypeParameters>,,</ownDataTypeParameters>
</Attribute>
<Attribute name="fecha_registro" id="23AD484E-58A4-BFD7-65B6-89E5871790F8">
<createdBy>Alumno</createdBy>
<createdTime>2024-03-05 13:32:02 UTC</createdTime>
<ownerDesignName>tarea 4- Jarama Ayllon</ownerDesignName>
<engineerTo>
<item key="557A888F-EF4B-176D-A31A-AED2D3C259E1" value="true"/>
</engineerTo>
<nullsAllowed>true</nullsAllowed>
<useDomainConstraints>false</useDomainConstraints>
<use>1</use>
<logicalDatatype>LOGDT008</logicalDatatype>
<ownDataTypeParameters>,,</ownDataTypeParameters>
</Attribute>
<Attribute name="fecha_pago_final" id="D27189A5-0F77-C663-FC7F-BA2ADF114E4C">
<createdBy>Alumno</createdBy>
<createdTime>2024-03-05 13:32:11 UTC</createdTime>
<ownerDesignName>tarea 4- Jarama Ayllon</ownerDesignName>
<engineerTo>
<item key="557A888F-EF4B-176D-A31A-AED2D3C259E1" value="true"/>
</engineerTo>
<nullsAllowed>true</nullsAllowed>
<useDomainConstraints>false</useDomainConstraints>
<use>1</use>
<logicalDatatype>LOGDT008</logicalDatatype>
<ownDataTypeParameters>,,</ownDataTypeParameters>
</Attribute>
<Attribute name="fecha_recordatorio" id="DBE625EF-2399-88F1-6C33-54DF83D63F99">
<createdBy>Alumno</createdBy>
<createdTime>2024-03-05 13:34:01 UTC</createdTime>
<ownerDesignName>tarea 4- Jarama Ayllon</ownerDesignName>
<engineerTo>
<item key="557A888F-EF4B-176D-A31A-AED2D3C259E1" value="true"/>
</engineerTo>
<nullsAllowed>true</nullsAllowed>
<useDomainConstraints>false</useDomainConstraints>
<use>1</use>
<logicalDatatype>LOGDT008</logicalDatatype>
<ownDataTypeParameters>,,</ownDataTypeParameters>
</Attribute>
<Attribute name="fecha_pago" id="74EC4F7A-6B4E-EB12-E1CA-6D6E104BA6E6">
<createdBy>Alumno</createdBy>
<createdTime>2024-03-05 13:32:44 UTC</createdTime>
<ownerDesignName>tarea 4- Jarama Ayllon</ownerDesignName>
<engineerTo>
<item key="557A888F-EF4B-176D-A31A-AED2D3C259E1" value="true"/>
</engineerTo>
<nullsAllowed>true</nullsAllowed>
<useDomainConstraints>false</useDomainConstraints>
<use>1</use>
<logicalDatatype>LOGDT008</logicalDatatype>
<ownDataTypeParameters>,,</ownDataTypeParameters>
</Attribute>
<Attribute name="id_servicios" id="68BE2763-0790-76C7-8CAF-EBE76D1C7951">
<createdBy>Alumno</createdBy>
<createdTime>2024-03-05 14:20:52 UTC</createdTime>
<generatorID>DCFE39F6-B0C8-1180-0999-3B52A688DE90</generatorID>
<ownerDesignName>tarea 4- Jarama Ayllon</ownerDesignName>
<engineerTo>
<item key="557A888F-EF4B-176D-A31A-AED2D3C259E1" value="true"/>
</engineerTo>
<referedAttribute>CE8457EE-519C-4CA1-AEF0-9B3AD4A784C2</referedAttribute>
<useDomainConstraints>false</useDomainConstraints>
<use>1</use>
<logicalDatatype>LOGDT011</logicalDatatype>
<ownDataTypeParameters>,,</ownDataTypeParameters>
</Attribute>
<Attribute name="id_factura" id="C3732639-6EFD-05B4-1346-63C6174C0467">
<createdBy>Alumno</createdBy>
<createdTime>2024-03-05 14:21:06 UTC</createdTime>
<generatorID>A941620D-9235-7942-9F48-46ECD6AF2A0D</generatorID>
<ownerDesignName>tarea 4- Jarama Ayllon</ownerDesignName>
<engineerTo>
<item key="557A888F-EF4B-176D-A31A-AED2D3C259E1" value="true"/>
</engineerTo>
<referedAttribute>422D3D36-3773-F0E2-2A78-3053914FDB9E</referedAttribute>
<useDomainConstraints>false</useDomainConstraints>
<use>1</use>
<logicalDatatype>LOGDT011</logicalDatatype>
<ownDataTypeParameters>,,</ownDataTypeParameters>
</Attribute>
</attributes>
<identifiers itemClass="oracle.dbtools.crest.model.design.logical.CandidateKey">
<identifier id="ACBB33AC-B225-1289-26C8-472CA58128CB" name="proveedor PK">
<createdBy>Alumno</createdBy>
<createdTime>2024-03-05 13:32:51 UTC</createdTime>
<ownerDesignName>tarea 4- Jarama Ayllon</ownerDesignName>
<engineerTo>
<item key="557A888F-EF4B-176D-A31A-AED2D3C259E1" value="true"/>
</engineerTo>
<pk>true</pk>
<usedAttributes>
<attributeRef>AC71EF41-00F1-2896-36C8-62B335B013A5</attributeRef>
</usedAttributes>
</identifier>
</identifiers>
</Entity>