<?xml version = '1.0' encoding = 'UTF-8'?>
<Entity class="oracle.dbtools.crest.model.design.logical.Entity" directorySegmentName="seg_0" id="F95BC2FE-64C9-2E3B-A16B-430658DFF946" name="Metodos_usuario">
<createdBy>Alumno</createdBy>
<createdTime>2024-03-05 14:21:18 UTC</createdTime>
<ownerDesignName>tarea 4- Jarama Ayllon</ownerDesignName>
<engineerTo>
<item key="557A888F-EF4B-176D-A31A-AED2D3C259E1" value="true"/>
</engineerTo>
<adequatelyNormalized>NO</adequatelyNormalized>
<expectedVolumes>0</expectedVolumes>
<fwdEngineeringStrategyName>Single Table</fwdEngineeringStrategyName>
<growthPercent>0</growthPercent>
<growthType>Year</growthType>
<maxVolumes>9999999</maxVolumes>
<minVolumes>0</minVolumes>
<normalForm>Third</normalForm>
<attributes itemClass="oracle.dbtools.crest.model.design.logical.Attribute">
<Attribute name="aceptar_terminos_condiciones()" id="2A0EBC4B-3AAA-4E84-6024-38D5257FA12F">
<createdBy>Alumno</createdBy>
<createdTime>2024-03-05 14:21:46 UTC</createdTime>
<ownerDesignName>tarea 4- Jarama Ayllon</ownerDesignName>
<engineerTo>
<item key="557A888F-EF4B-176D-A31A-AED2D3C259E1" value="true"/>
</engineerTo>
<nullsAllowed>true</nullsAllowed>
<use>0</use>
<ownDataTypeParameters>,,</ownDataTypeParameters>
</Attribute>
<Attribute name="Crear_cuenta()" id="97B4BCF8-8429-7164-04CB-83459141DE94">
<createdBy>Alumno</createdBy>
<createdTime>2024-03-05 14:26:00 UTC</createdTime>
<ownerDesignName>tarea 4- Jarama Ayllon</ownerDesignName>
<engineerTo>
<item key="557A888F-EF4B-176D-A31A-AED2D3C259E1" value="true"/>
</engineerTo>
<nullsAllowed>true</nullsAllowed>
<use>0</use>
<ownDataTypeParameters>,,</ownDataTypeParameters>
</Attribute>
</attributes>
</Entity>